NCTId,BriefTitle,OfficialTitle,OverallStatus,Phase,StudyType,EnrollmentCount,Conditions,InterventionNames,InterventionTypes,StartDate,PrimaryCompletionDate,CompletionDate,Countries,LeadSponsor,PrimaryOutcome,BriefSummary,MatchedTargets
NCT05945849,CD33KO-HSPC Infusion Followed by CART-33 Infusion(s) for Refractory/Relapsed AML,Phase 1 Study of Lentivirally Transduced T Cells Engineered to Contain Anti-CD33 Linked to TCRζ And 4-1BB Signaling Domains In Combination With CD33KO-HSPC In Subjects With Refractory Or Relapsed Acute Myeloid Leukemia,RECRUITING,PHASE1,INTERVENTIONAL,16,"Leukemia, Myeloid, Acute",CD33KO-HSPC; CART33,BIOLOGICAL,2024-02-23,2029-02-23,2044-02-23,United States,University of Pennsylvania,Manufacturing feasibility; Occurrence of dose-limiting toxicities related to CD33KO-HSPC; Occurrence of dose-limiting toxicities related to CART-33,"The purpose of this study is to provide a new type of treatment for AML. This treatment combines a new type of stem cell transplant along with treatment using chimeric antigen receptor (CAR) T cells that have been engineered to recognize and attack your AML cells.

The first treatment is a modified stem cell transplant, using blood-forming stem cells donated from a healthy donor. From the same donor, we will also make CAR T-cells, which are leukemia fighting cells, which will be given to the patient via an infusion into the vein after the transplanted stem cells have started to grow healthy bl",CD33
NCT05467254,Evaluate the Safety and Efficacy of CLL1+CD33 CAR-T in Patients With R/R AML,To Evaluate the Safety and Efficacy of CLL1+CD33 CAR-T in Patients With Relapsed and Refractory Acute Myeloid Leukemia,UNKNOWN,PHASE1,INTERVENTIONAL,20,AML,CLL1+CD33 CAR-T,BIOLOGICAL,2022-08-02,2024-08-02,2025-08-02,China,Zhejiang University,Changes in cytokine level after CLL1+CD33 CAR-T infusion; The change characteristics of chimeric antigen receptor(CAR)-T cell number and copy number in patients after infusion.,"This is an open label, phase I study to assess the safety and efficacy of CLL1+CD33 CAR-T in patients with relapsed and refractory acute myeloid leukemia",CD33; CLL-1
NCT03222674,Multi-CAR T Cell Therapy for Acute Myeloid Leukemia,Multi-center Phase I/II Clinical Trial of Multi-CAR T Cell Therapy for Acute Myeloid Leukemia,RECRUITING,"PHASE1, PHASE2",INTERVENTIONAL,10,Acute Myeloid Leukemia,Muc1/CLL1/CD33/CD38/CD56/CD123-specific gene-engineered T cells,BIOLOGICAL,2025-07-15,2028-06-30,2028-12-31,China,Shenzhen Geno-Immune Medical Institute,percentage of patients with treatment related adverse effect,"The purpose of this clinical trial is to assess the feasibility, safety and efficacy of multi-CAR T cell therapy targeting different AML surface antigens in patients with relapsed or refractory acute myeloid leukemia (AML). Another goal of the study is to learn more about the function of the multi-CAR T cells and their persistency in the patients.",CD33; CD123; CLL-1; CD38
NCT05248685,Optimized Dual CD33/CLL1 CAR T Cells in Subjects With Refractory or Relapsed Acute Myeloid Leukemia,"Single-center, Open-Label, Non-randomized, Single-Arm Phase 1 Study to Evaluate the Safety and Tolerability of Optimized Dual CD33/CLL1 CAR T Cells in Subjects With Refractory or Relapsed Acute Myeloid Leukemia",WITHDRAWN,PHASE1,INTERVENTIONAL,0,Acute Myeloid Leukemia,Dual CD33/CLL1 CAR T,BIOLOGICAL,2022-02-16,2023-12-31,2023-12-31,China,Beijing Boren Hospital,Dose limiting toxicity (DLT); Incidence and severity of adverse events (AE),"This is a single-center, open-label, non-randomized, single-arm Phase 1 Study to evaluate safety and tolerability of optimized Dual CD33/CLL1 CAR T Cells in subjects with refractory or relapsed acute myeloid leukemia. Maximum of twenty subjects will be enrolled. After the collection of PBMC and about 5 days before infusion, lymphodepletion chemotherapy (fludarabine at 30 mg/m\^2/day and cyclophosphamide at 250 mg/m\^2/day) will be administrated for 3 days.

Then this study will be using BOIN1/2 approach from starting dose 1: 1×10\^6 (±20%) to dose 2: 5×10\^6 (±20%). If the manufactured cells w",CD33; CLL-1
NCT03885076,Gamma Delta T Cells in AML,Assessing Feasibility of Expansion and Characterization of Gamma Delta T Cells From Peripheral Blood and Bone Marrow of Patients With Acute Myeloid Leukaemia as Starting Product for Generation of CD33-CD28 Gamma Delta T Cells,UNKNOWN,N/A,OBSERVATIONAL,20,Acute Myeloid Leukemia,Blood collection and bone marrow aspirate,PROCEDURE,2018-08-23,2020-03,2021-03,United Kingdom,Royal Marsden NHS Foundation Trust,Percentage viable gamma delta T cells,"The Royal Marsden NHS Foundation Trust is committed to improving patient experience; this research is being undertaken to try to develop a novel treatment for patients with Acute Myeloid Leukaemia (AML). Researchers aim to develop a new therapy which uses a patient's own immune cells called T cells to treat AML. In this study, numbers and properties of T cells which can be collected from the blood of patients with AML at various points throughout their treatment will be investigated. Blood samples will be collected at the same time as the patient's bone marrow test.

If patients need further b",CD33
NCT06326021,Optimised CD33 (FL-33) CAR T Therapy for Refractory/Relapsed Acute Myeloid Leukaemia,"Optimised CD33 (FL-33) CAR T Therapy for Refractory/Relapsed Acute Myeloid Leukaemia：a Multi-center, Open-label, Non-randomised, Single-arm Phase Ⅰ Clinical Trial",RECRUITING,PHASE1,INTERVENTIONAL,27,Refractory/Relapsed Acute Myeloid Leukaemia,autologous FL-33 CAR T therapy; prior-HSCT donor-derived FL-33 CAR T therapy; Newly matched donor-derived FL-33 CAR T therapy; FL33-03 CAR-T therapy,DRUG; DRUG; DRUG; DRUG,2024-04-02,2026-06-15,2026-12-30,China,Beijing GoBroad Hospital,Dose-limiting toxicity(DLT); Adverse events (AEs),"This study is a multi-center, open-label, non-randomised, single-arm phaseⅠclinical trial to explore the safety and efficacy of FL-33 CAR T therapy for refractory/relapsed acute myeloid leukaemia. The primary endpoints are incidence and type of dose limiting toxicity within 21 days of CAR T infusion; total number, incidence and severity of adverse events (AE) 30 days after CAR T infusion. The secondary endpoints are total number, incidence and severity of AEs 30 days to 2 years after CAR T infusion; objective response rate (ORR), complete response rate (CR) and complete response with incomplet",CD33
NCT03473457,CAR-T Cells Therapy in Relapsed/Refractory Acute Myeloid Leukemia,"The Prospective, Multi-center And Single-arm Clinical Study of Chimeric Antigen Receptor T(CAR-T) Cells Therapy in Relapsed/Refractory Acute Myeloid Leukemia",TERMINATED,NA,INTERVENTIONAL,2,Relapsed/Refractory Acute Myeloid Leukemia(AML),CART therapy in Acute myeloid leukemia(AML),BIOLOGICAL,2018-04-01,2020-12-31,2020-12-31,China,Zhujiang Hospital,Adverse events that Are related to treatment,"Acute myeloid leukemia (AML) is a group of genetically highly heterogeneous malignant disease . The disease is the most common type of adult acute leukemia. Overall survival (OS) was less than 50% in 5 years. Chimeric Antigen Receptor-transduced T cell (CAR-T) therapy is one of revolutionary targeted immunotherapy. The efficacy of CAR-T cells for the treatment of acute B lymphocytic leukemia has been widely recognized, although it start late, several clinical trials have been register in ClinicalTrials.gov.",CD33; CD123; CD38
NCT04835519,Phase I/II Study of Enhanced CD33 CAR T Cells in Subjects With Relapsed or Refractory Acute Myeloid Leukemia,"Open-Label, Nonramdominzed, Single-Arm Phase I/II Study to Evaluate the Safety and Tolerability of Functionally Enhanced CD33 CAR T Cells in Subjects With Relapsed or Refractory Acute Myeloid Leukemia",COMPLETED,"PHASE1, PHASE2",INTERVENTIONAL,5,Acute Myeloid Leukemia; Relapse Leukemia; Refractory Acute Myeloid Leukemia,chimeric antigen receptor T cell,BIOLOGICAL,2021-04-08,2023-05-19,2023-05-19,China,Beijing Boren Hospital,Incidence and type of dose-limiting toxicity (DLT); Incidence and severity of adverse events (AE),"This is a open-label, nonramdominzed, single-arm, Phase I/II Study to evaluate safety and tolerability of functionally enhanced CD33 CAR-T cells in subjects with relapsed or refractory acute myeloid leukemia. 25 subjects will be enrolled. Subjects will be pretreated with chemotherapy prior to infusion of CAR T cells: about 5 days before cells transfusion, the patients who planned to reinfuse CAR T cells were treated with fluorodarabine 30 mg/m\^2( body surface area) and cyclophosphamide 250 mg/m\^2( body surface area) for 3 days. Then the Bayesian optimal interval phase I/II (Boin12) trial des",CD33
NCT04010877,Multiple CAR-T Cell Therapy Targeting AML,Multi-center Phase I/II Clinical Trial of Multiple CAR T Cells for Treating Acute Myeloid Leukemia,RECRUITING,"PHASE1, PHASE2",INTERVENTIONAL,10,Acute Myeloid Leukemia,"CLL-1, CD33 and/or CD123-specific CAR gene-engineered T cells",BIOLOGICAL,2025-08-01,2028-07-31,2029-12-31,China,Shenzhen Geno-Immune Medical Institute,Safety of infusion,"The purpose of this clinical trial is to assess the feasibility, safety and efficacy of multiple CAR T-cell therapy which combines CAR T cells against CLL-1 with CAR T cells targeting CD123 or CD33 in patients with relapsed and refractory AML. The study also aims to learn more about the function of CAR T cells and their persistency in AML patients.",CD33; CD123; CLL-1
NCT05665075,Natural Killer (NK) Cell Therapy Targeting CD33 in Acute Myeloid Leukemia,Clinical Study on the Safety and Efficacy of QN-023a Targeting CD33 in Acute Myeloid Leukemia,UNKNOWN,PHASE1,INTERVENTIONAL,19,"AML, Adult",QN-023a; Cyclophosphamid; Fludarabine; Cytarabine; VP-16,DRUG; DRUG; DRUG; DRUG; DRUG,2022-12-24,2023-12-24,2025-12-24,China,Zhejiang University,Incidence and severity of Treatment-Emergent Adverse Events[Safety and Tolerability]; Incidence of dose adjustment or discontinuation due to NK cell toxicities; Incidence of subjects with Dose Limiting Toxicities within each dose level cohort; Determine the maximum tolerated dose (MTD) and RP2D,"This is an open-label, Phase I study of QN-023a (allogeneic CAR-NK cells targeting CD33) in relapsed/refractory Acute Myeloid Leukemia (AML).

The clinical study is to evaluate the safety, tolerability and preliminary efficacy of QN-023a in patients with relapsed/refractory AML,where a ""3+3"" enrollment schema will be utilized at dose escalation stage. Up to 19 patients will be enrolled.",CD33
NCT05943314,Clinical Study on Safety and Efficacy of Anti-CLL1 /+CD33 CAR T Cells in the Treatment of Acute Myeloid Leukemia,"Safety and Efficacy of Anti-CLL1 /+CD33 CAR T Cells in Refractory/Recurrent Acute Myeloid Leukemia: a Single-arm, Non-blind Clinical Study",WITHDRAWN,NA,INTERVENTIONAL,0,Acute Myeloid Leukemia,CLL1/+CD33 CAR-T,BIOLOGICAL,2023-07-12,2023-08-28,2023-08-28,China,"Guangzhou Bio-gene Technology Co., Ltd",Changes in cytokine level after CLL1/+CD33 CAR-T infusion; The change characteristics of chimeric antigen receptor(CAR)-T cell number in patients after infusion.; The change characteristics of chimeric antigen receptor(CAR)-T cell copy number in patients after infusion.,"This is a single-center, single-arm, open, intravenous drug administration of the safety and efficacy of clinical study.",CD33; CLL-1
NCT06420063,Sequential CAR-T Cells Targeting CD33/CD123 in Patients With Acute Myelocytic Leukemia AML,Sequential CAR-T Cell Infusion Targeting CD33 and CD123 for Refractory/Relapsed Acute Myeloid Leukaemia,RECRUITING,"PHASE1, PHASE2",INTERVENTIONAL,85,"AML; Acute Myeloid Leukemia; AML, Adult Recurrent; AML, Adult",CD123/CD33 CART,BIOLOGICAL,2024-07-10,2025-12-10,2026-12-28,China,Essen Biotech,Incidence and severity of dose-limiting toxicities (DLTs) following chemotherapy preparative regimen and infusion of CD5/CD7 chimeric antigen receptor (CAR) T cells,"This is an open, single-arm, clinical study to evaluate the efficacy and safety of chimeric antigen receptor T cell immunotherapy (CAR-T) targeting CD33 or CD123 or both sequentially in the treatment of Acute Myelocytic Leukemia.",CD33; CD123
NCT07198867,A Study of A-CAR028 Treatment in Subjects With Relapsed or Refractory Acute Myeloid Leukemia,A Study of A-CAR028 Treatment in Subjects With Relapsed/ Refractory Acute Myeloid Leukemia,RECRUITING,PHASE1,INTERVENTIONAL,20,Acute Myeloid Leukemia (AML); CAR-T Cell Therapy,A-CAR028,BIOLOGICAL,2025-09-30,2026-12-30,2027-12-31,China,First Affiliated Hospital of Zhejiang University,Incidence of dose limiting toxicities (DLTs); Incidence and severity of Treatment Emergent Adverse Events (TEAEs),"This is a single-center, open-label study to evaluate the safety and efficacy of A-CAR028 in relapsed/refractory acute myeloid leukemia patients",CD33; CLL-1
NCT07538713,Functionally Optimized CD33 CAR-T Cell Therapy Targeting Recurrent/Refractory Acute Myeloid Leukemia,Clinical Study on the Efficacy and Safety of Functionally Optimized CD33 CAR-T Cells (FO33 CAR-T) Therapy Targeting CD33-Positive Recurrent/Refractory Acute Myeloid Leukemia,NOT_YET_RECRUITING,PHASE1,INTERVENTIONAL,18,CAR T Cell Therapy; CD33 Positive Acute Myelogenous Leukemia,Functionally optimized CD33 CAR-T,BIOLOGICAL,2026-06-01,2028-05-31,2028-05-31,,Qi deng,Evaluate the Incidence of Treatment-Emergent Adverse Events (Safety and Tolerability) of Functionally optimized CD33 CAR-T cell therapy in relapsed/refractory B Cell Acute Myeloid Leukemia; Evaluate the Complete Response rate of Functionally optimized CD33 CAR-T cell therapy in relapsed/refractory B Cell Acute Myeloid Leukemia,"Relapsed/refractory acute myeloid leukemia (R/R AML) currently lacks effective CAR-T therapeutic agents due to the absence of tumor-specific target antigens. Most AML-associated antigens are expressed on normal hematopoietic stem/progenitor cells (HSPCs) and healthy tissues, increasing the risk of on-target off-tumor toxicity and non-neoplastic toxicity. CD33 is present on leukemic cells in over 80% of AML patients. Compared with CLL-1, CD123 and other targets, CD33 exhibits higher expression across diverse AML subtypes, reducing the risk of treatment failure and relapse caused by antigen esca",CD33; CD123; CLL-1
NCT05105152,PLAT-08: A Study Of SC-DARIC33 CAR T Cells In Pediatric And Young Adults With Relapsed Or Refractory CD33+ AML,Pediatric And Young Adult Leukemia Adoptive Therapy (PLAT)-08: A Phase 1 Study Of SC-DARIC33 In Pediatric And Young Adults With Relapsed Or Refractory CD33+ AML,RECRUITING,PHASE1,INTERVENTIONAL,18,"Acute Myeloid Leukemia; Acute Myeloid Leukemia Refractory; Acute Myeloid Leukemia, in Relapse",SC-DARIC33,BIOLOGICAL,2021-11-29,2028-02-28,2041-01-31,United States,Seattle Children's Hospital,Adverse events associated with SC-DARIC33 cell product infusions will be assessed; Ability to successfully manufacture SC-DARIC33,"A phase 1, open-label, non-randomized study enrolling pediatric and young adult patients with relapsed or refractory CD33+ leukemia with and without prior history of allogeneic hematopoietic cell transplantation, to examine the safety and feasibility of administering an autologous T cell product that has been genetically modified to express a Dimerizing Agent Regulated Immunoreceptor Complex (DARIC).",CD33
NCT03971799,Study of Anti-CD33 Chimeric Antigen Receptor-Expressing T Cells (CD33CART) in Children and Young Adults With Relapsed/Refractory Acute Myeloid Leukemia,Phase 1/2 Study of Anti-CD33 Chimeric Antigen Receptor-Expressing T Cells (CD33CART) in Children and Young Adults With Relapsed/Refractory Acute Myeloid Leukemia,ACTIVE_NOT_RECRUITING,"PHASE1, PHASE2",INTERVENTIONAL,52,Acute Myelogenous Leukemia,CD33CART autologous; CD33CART allogeneic,BIOLOGICAL; BIOLOGICAL,2020-01-08,2029-12,2039-12,United States,Center for International Blood and Marrow Transplant Research,Maximum tolerated dose - Autologous Arm; Maximum tolerated dose - Allogeneic Arm; Morphologic remission,"This phase 1/2 trial aims to determine the safety and feasibility of antiCD33 chimeric antigen receptor (CAR) expressing T cells (CD33CART) in children and adolescents/young adults (AYAs) with relapsed/refractory acute myeloid leukemia (AML). The trial will be done in two phases: Phase 1 will determine the maximum tolerated dose of CD33CART cells using a 3+3 trial design, with dose-escalation for autologous products separated from dose-escalation for an allogeneic arm. Phase 2 is an expansion phase designed to evaluate the rate of response to CD33CART.",CD33
NCT06762132,A Clinical Study to Explore the Safety and Efficacy of CD33 CAR-T Cell in Relapsed/Refractory Acute Myeloid Leukemia,A Clinical Study to Explore the Safety and Efficacy of CD33 CAR-T Cell in Relapsed/Refractory Acute Myeloid Leukemia,RECRUITING,EARLY_PHASE1,INTERVENTIONAL,27,Acute Myeloid Leukemia,CD33 CAR T-cells,BIOLOGICAL,2025-01-10,2027-10-30,2027-10-30,China,Zhejiang University,Dose-limiting toxicity (DLT); Incidence of treatment-emergent adverse events (TEAEs),A Clinical Study on the Safety and Effectiveness of targeting CD33 CAR-T Cell in the treatment of Relapsed/Refractory Acute Myeloid Leukemia,CD33
NCT02799680,Allogeneic CART-33 for Relapsed/Refractory CD33+ AML,Treatment of Relapsed and/or Refractory CD33-positive Acute Myeloid Leukemia by Infusions of Allogeneic CART-33,UNKNOWN,PHASE1,INTERVENTIONAL,12,Relapsed and/or Refractory CD33+ AML,allogeneic CART-33,BIOLOGICAL,2015-10,2017-05,2018-05,China,The Affiliated Hospital of the Chinese Academy of Military Medical Sciences,Occurrence of study related adverse events,The purpose of this study is to evaluate the safety and efficiency of allogeneic cluster of differentiation 33 (CD33)-directed chimeric antigen receptor modified T cells (CART-33) infusions in patients with relapsed / refractory acute myeloid leukemia (AML).,CD33
NCT05654779,CLL-1/CD33 Targeted LCAR-AMDR Cells in Patients With Relapsed or Refractory Acute Myeloid Leukemia,"A Phase I Clinical Study to Evaluate the Safety, Tolerability, and Efficacy of CLL1-/CD33 Targeted LCAR-AMDR Cells Product in Patients With Relapsed/Refractory Acute Myeloid Leukemia",TERMINATED,PHASE1,INTERVENTIONAL,4,Acute Myeloid Leukemia,LCAR-AMDR Cells Product,BIOLOGICAL,2022-12-12,2023-09-26,2023-09-26,China,"Institute of Hematology & Blood Diseases Hospital, China","Incidence, severity, and type of treatment-emergent adverse events (TEAEs); Recommended Phase 2 dose (RP2D) finding; CAR positive T cells and CAR transgene levels in peripheral blood and bone marrow","This is a prospective, single-arm, open-label, single dose-finding and dose-expansion study that evaluates the safety, tolerability, PK, and anti-tumor efficacy of LCAR-AMDR cells in subjects with relapsed/refractory Acute Myeloid Leukemia who received adequate standard therapy.",CD33; CLL-1
NCT05445765,Anti-CD33 CAR-T Cells for the Treatment of Relapsed/Refractory CD33+ Acute Myeloid Leukemia,Anti-CD33 CAR-T Cells for the Treatment of Relapsed/Refractory CD33+ Acute Myeloid Leukemia,UNKNOWN,PHASE1,INTERVENTIONAL,10,Relapsed and/or Refractory Acute Myeloid Leukemia; High Risk Hematologic Malignancies,anti-CD33 CAR T cells,BIOLOGICAL,2022-07-01,2024-06-30,2024-06-30,China,iCell Gene Therapeutics,The number and incidence of adverse events after anti-CD33 CAR infusion.,"This is a phase I, interventional, single arm, open label, treatment study to evaluate the safety and tolerability of anti-CD33 CAR-T cells in patients with relapsed and/or refractory, high risk hematologic malignancies.",CD33
NCT01864902,Treatment of Relapsed and/or Chemotherapy Refractory CD33 Positive Acute Myeloid Leukemia by CART-33,Clinical Study of Chimeric CD(Cluster of Differentiation)33 Antigen Receptor-modified T Cells in Relapsed and/or Chemotherapy Refractory Acute Myeloid Leukemias,UNKNOWN,"PHASE1, PHASE2",INTERVENTIONAL,10,Relapsed Adult Myeloid Leukemia; Chemotherapy Refractory Adult Myeloid Leukemia,CART33 cells; anti-CD33 CART; anti-CD33 CAR T cells,BIOLOGICAL; BIOLOGICAL; BIOLOGICAL,2013-04,2016-04,2017-04,China,Chinese PLA General Hospital,Occurrence of study related adverse events,"RATIONALE: Placing a tumor antigen chimeric receptor that has been created in the laboratory into patient autologous or donor-derived T cells may make the body build immune response to kill cancer cells.

PURPOSE: This clinical trial is to study genetically engineered lymphocyte therapy in treating patients with CD33 positive acute myeloid leukemias that is relapsed (after stem cell transplantation or intensive chemotherapy) or refractory to further chemotherapy.",CD33
NCT03927261,"PRGN-3006 Adoptive Cellular Therapy for CD33-Positive Relapsed or Refractory AML, MRD Positive AML or Higher Risk MDS","A Phase 1/1b Safety Study of PRGN-3006 Adoptive Cellular Therapy in Patients with CD33-Positive Relapsed or Refractory Acute Myeloid Leukemia, Minimal Residual Disease Positive Acute Myeloid Leukemia, and Higher Risk Myelodysplastic Syndrome",ACTIVE_NOT_RECRUITING,PHASE1,INTERVENTIONAL,88,Acute Myeloid Leukemia; Myelodysplastic Syndromes,PRGN-3006 T Cells,DRUG,2019-05-20,2024-08-01,2025-08-01,United States,"Precigen, Inc",Number of Participants who Experience Dose Limiting Toxicities (DLTs); Number of Participants who Experience Treatment Emergent Adverse Events (TEAEs),"This is a first-in-human dose escalation/dose expansion study to evaluate the safety and identify the best dose of modified immune cells, PRGN-3006 (autologous chimeric antigen receptor (CAR) T cells), in adult patients with relapsed or refractory acute myeloid leukemia (AML), Minimal Residual Disease (MRD) positive acute myeloid leukemia or higher risk myelodysplastic syndrome (MDS). Autologous CAR T cells are modified immune cells that have been engineered in the laboratory to specifically target a protein found on tumor cells and kill them.",CD33
NCT05008575,Anti-CD33 CAR NK Cells in the Treatment of Relapsed/Refractory Acute Myeloid Leukemia,Phase I Study to Evaluate the Safety and Effectiveness of Anti-CD33 CAR NK Cell Therapy in Relapsed/Refractory Acute Myeloid Leukemia,UNKNOWN,PHASE1,INTERVENTIONAL,27,"Leukemia, Myeloid, Acute",anti-CD33 CAR NK cells; Fludarabine; Cytoxan,BIOLOGICAL; DRUG; DRUG,2021-12-23,2022-12-01,2023-12-01,China,Xinqiao Hospital of Chongqing,Overall Remission Rate (ORR); incidence of participants with dose limiting toxicity (DLT),"CAR technology has been used in T cell therapy and gets great success in treating hematological diseases. Following models of CAR T cells, CAR NK cell therapy has been one hot point. For myeloid malignancies, CD33 is widely expressed. Targeting CD33 surface antigens by CAR NK cells provides an off-the-shelf immune cell therapy.",CD33
NCT03795779,"CLL1-CD33 cCAR in Patients With Relapsed and/or Refractory, High Risk Hematologic Malignancies","Phase I, Interventional, Single Arm, Open Label, Treatment Study to Evaluate The Safety and Tolerability of CLL1-CD33 cCAR in Patients With Relapsed and/or Refractory, High Risk Hematologic Malignancies.",UNKNOWN,EARLY_PHASE1,INTERVENTIONAL,20,Hematologic Malignancy; Acute Myeloid Leukemia; Myelodysplastic Syndromes; Myeloproliferative Neoplasm; Chronic Myeloid Leukemia,CLL1-CD33 cCAR T cells,BIOLOGICAL,2018-03-01,2022-09-30,2022-09-30,China,iCell Gene Therapeutics,Number of participants with dose limiting toxicity (DLT) as assessed by the National Cancer Institute (NCI) Common Terminology Criteria for Adverse Events (CTCAE) version 5.0; Type of dose-limiting toxicity (DLT); Number of participants with adverse event by severity as assessed by the National Cancer Institute (NCI) Common Terminology Criteria for Adverse Events (CTCAE) version 5.0,"Phase I, interventional, single arm, open label, treatment study to evaluate the safety and tolerability of CLL1-CD33 cCAR in patients with relapsed and/or refractory, high risk hematologic malignancies.",CD33; CLL-1
NCT05984199,Donor-Derived Anti-CD33 CAR T Cell Therapy (VCAR33) in Patients With Relapsed or Refractory AML After Allogeneic Hematopoietic Cell Transplant,Phase 1/2 Study of Donor-Derived Anti-CD33 Chimeric Antigen Receptor Expressing T Cells (VCAR33) in Patients With Relapsed or Refractory Acute Myeloid Leukemia After Allogeneic Hematopoietic Cell Transplantation,TERMINATED,"PHASE1, PHASE2",INTERVENTIONAL,38,"Leukemia, Myeloid, Acute",VCAR33,BIOLOGICAL,2023-12-11,2025-05-28,2025-05-28,United States,Vor Biopharma,Incidence of dose-limiting toxicities,"This is a Phase 1/2, multicenter, open-label, first-in-human (FIH) study of donor-derived anti-CD33 Chimeric Antigen Receptor (CAR) T cell therapy (VCAR33) in patients with relapsed or refractory Acute Myeloid Leukemia (AML) after human leukocyte antigen (HLA)-matched allogeneic hematopoietic cell transplant (alloHCT).",CD33
NCT05016063,Dual CD33-CLL1-CAR-T Cells in the Treatment of Relapsed/Refractory Acute Myeloid Leukemia,Phase I Study to Evaluate the Safety and Effectiveness of Dual CD33-CLL1 CAR-T Therapy in Relapsed/Refractory Acute Myeloid Leukemia,UNKNOWN,EARLY_PHASE1,INTERVENTIONAL,32,"Leukemia, Myeloid, Acute",Fludarabine; Cytoxan; Dual CD33-CLL1 CAR-T cells,DRUG; DRUG; BIOLOGICAL,2021-09-01,2022-09-01,2023-09-01,China,Xinqiao Hospital of Chongqing,Overall Response Rate (ORR); the safety evaluation of Dual CD33-CLL1 CAR-T cells,"Phase I, interventional, single-arm, open-label, treatment study to evaluate the safety and effectiveness of CD33-CLL1 CAR in patients with relapsed and/or refractory acute myeloid leukemia (AML).",CD33; CLL-1
NCT07370064,Clinical Study of Anti-CLL1-CD33-NKG2D Bicephali CAR-T for Relapsed/Refractory Acute Myeloid Leukemia,A Phase I/II Study to Evaluate the Safety and Efficacy of Anti-CLL1-CD33-NKG2D Bicephali CAR-T Cells in Patients With Relapsed/Refractory Acute Myeloid Leukemia,NOT_YET_RECRUITING,"PHASE1, PHASE2",INTERVENTIONAL,20,AML (Acute Myeloid Leukemia),CAR-T,BIOLOGICAL,2026-01-31,2028-01-31,2029-01-31,China,Xuzhou Medical University,Rate of Complete Remission (CR) or Partial Remission (PR) in Patients with Relapsed/Refractory AML Following CAR-T Therapy,"This study is a clinical trial designed to evaluate the safety and efficacy of a new type of CAR-T cell therapy for patients with relapsed/refractory acute myeloid leukemia (AML). The treatment involves modifying the patient's own T cells to target and eliminate leukemia cells more effectively. This is a cutting-edge therapy using anti-CLL1-CD33-NKG2D Bicephali CAR-T cells.

The primary goal of this study is to determine whether this treatment can improve survival and reduce the symptoms of AML in patients whose disease has not responded to standard treatments. Participants will be closely mon",CD33; CLL-1
NCT03126864,Study of Adoptive Cellular Therapy Using Autologous T Cells Transduced With Lentivirus to Express a CD33 Specific Chimeric Antigen Receptor in Patients With Relapsed or Refractory CD33-Positive Acute Myeloid Leukemia,A Phase 1 Safety Study of Adoptive Cellular Therapy Using Autologous T Cells Transduced With Lentivirus to Express a CD33 Specific Chimeric Antigen Receptor in Patients With Relapsed or Refractory CD33-Positive Acute Myeloid Leukemia,TERMINATED,PHASE1,INTERVENTIONAL,11,Hematopoietic/Lymphoid Cancer; Acute Myeloid Leukemia,Leukapheresis; Fludarabine; Cyclophosphamide; CD33-CAR-T Cell Infusion,PROCEDURE; DRUG; DRUG; BIOLOGICAL,2017-08-04,2019-10-10,2019-10-10,United States,M.D. Anderson Cancer Center,Recommended Phase II Dose (RP2D) of CD33-CAR-T Cells,"Any time the words ""you,"" ""your,"" ""I,"" or ""me"" appear, it is meant to apply to the potential participant.

The goal of this clinical research study is to learn about the safety and tolerability of 3 different doses of CD33-CAR-T cells (referred to throughout the consent as ""T-cells"") in patients who have CD33-positive acute myeloid leukemia (AML) that is relapsed (has come back) or refractory (has not responded to treatment).

CD33-CAR-T is made by genetically modifying (changing) your T-cells (a type of white blood cell). T-cells are genetically changed to help target leukemia cells.

This is",CD33
NCT05473221,Evaluate the Safety and Efficacy of CD33 CAR-T in Patients With R/R AML,To Evaluate the Safety and Efficacy of CD33 CAR-T in Patients With Relapsed and Refractory Acute Myeloid Leukemia,UNKNOWN,PHASE1,INTERVENTIONAL,20,AML,CD33 CAR-T,BIOLOGICAL,2022-08-02,2024-08-02,2025-08-02,China,Zhejiang University,Evaluation of Safety; Changes in cytokine level after CD33 CAR-T infusion,"This is an open label, phase I study to assess the safety and efficacy of CD33 CAR-T in patients with relapsed and refractory acute myeloid leukemia",CD33
NCT05995041,Universal CAR-T Cells Targeting AML,Universal CAR T Cells for the Treatment of Acute Myeloid Leukemia,RECRUITING,PHASE1,INTERVENTIONAL,30,Acute Myeloid Leukemia,"CLL-1, CD33, CD38 and/or CD123-specific universal CAR- T cells",BIOLOGICAL,2023-10-31,2026-09-30,2026-12-31,China,Shenzhen Geno-Immune Medical Institute,Safety of infusion,"The purpose of this clinical trial is to assess the feasibility, safety and efficacy of universal CAR T-cell products targeting CLL-1, CD33, CD38 and CD123 in patients with relapsed and refractory AML. The study also aims to learn more about the function of the universal CAR T cells and their persistency in AML patients.",CD33; CD123; CLL-1; CD38
NCT07523555,Adaptive Dual-Target CAR-T Cells for Relapsed or Refractory Hematologic Malignancies,"A Phase 1/2, Open-Label, Nonrandomized, Multi-arm Umbrella Study of Biomarker-Selected Dual-Target CAR-T Cell Modules in Adults With Relapsed or Refractory Hematologic Malignancies",RECRUITING,"PHASE1, PHASE2",INTERVENTIONAL,96,"Relapsed/Refractory B-cell Acute Lymphoblastic Leukemia; Relapsed/Refractory B-cell Non-Hodgkin Lymphoma or CLL/SLL; Relapsed/Refractory Multiple Myeloma or Plasma Cell Leukemia; Relapsed/Refractory Acute Myeloid Leukemia, High-risk Myelodysplastic Neoplasm; BPDCN; Relapsed/Refractory T-cell Acute Lymphoblastic Leukemia; T-lymphoblastic Lymphoma; Peripheral T-cell Lymphoma",Autologous CD19/CD22 dual-target CAR-T module; Autologous CD19/CD20 dual-target CAR-T module; Autologous BCMA/CD19 dual-target CAR-T module; Autologous BCMA/CD38 dual-target CAR-T module; Autologous BCMA/GPRC5D dual-target CAR-T; Autologous CD33/CD123 dual-target CAR-T module; Autologous CD33/CLL1 dual-target CAR-T module; Autologous CD5/CD7 dual-target CAR-T module,BIOLOGICAL; BIOLOGICAL; BIOLOGICAL; BIOLOGICAL; BIOLOGICAL; BIOLOGICAL; BIOLOGICAL; BIOLOGICAL,2026-03-02,2027-03-14,2028-02-17,China,Beijing Biotech,Incidence of dose-limiting toxicities (DLTs) by module and dose level; Incidence of Grade 3 or higher cytokine release syndrome (CRS),"Phase 1/2 umbrella study evaluates biomarker-selected dual-target CAR-T cell modules for adults with relapsed or refractory hematologic malignancies. After central antigen co-expression screening, participants are assigned to the most appropriate active dual-target module: CD19/CD22, CD19/CD20, BCMA/CD19, BCMA/CD38, BCMA/GPRC5D, CD33/CD123, CD33/CLL1, or CD5/CD7. Phase 1 determines safety, dose-limiting toxicities, and the recommended phase 2 dose for each module; phase 2 estimates preliminary antitumor activity, including overall response rate and MRD-negative response.

Lymphodepletion with ",CD33; CD123; CLEC12A; CLL-1; CD38
NCT05672147,CD33-CAR T Cell Therapy for the Treatment of Recurrent or Refractory Acute Myeloid Leukemia,Phase I Study of Cellular Immunotherapy Using T Cells Lentivirally Transduced to Express a Cd33-Specific Chimeric Antigen Receptor for Patients With Cd33+ Relapsed/Refractory Acute Myeloid Leukemia,RECRUITING,PHASE1,INTERVENTIONAL,27,Acute Myeloid Leukemia; Recurrent Adult Acute Myeloid Leukemia; Refractory Acute Myeloid Leukemia; Secondary Acute Myeloid Leukemia,Anti-CD33 CAR T-cells; Lymphodepletion Therapy,BIOLOGICAL; PROCEDURE,2023-12-07,2028-09-03,2028-09-03,United States,City of Hope Medical Center,Participants who achieve measurable residual disease (MRD); Incidence of dose-limiting toxicities and full toxicity profile,"This phase I trial tests the safety, side effects, and the best dose of anti-CD33 chimeric antigen receptor (CAR) T-Cell therapy in treating patients with acute myeloid leukemia that has come back (recurrent) or does not respond to treatment (refractory). CAR T-cell therapy is a type of treatment in which a patient or donor's T cells (a type of immune system cell) are changed in the laboratory so they will attack cancer cells. T cells are taken from a patient's or donor's blood. Then the gene for a special receptor that binds to a certain protein on the patient's cancer cells is added to the T",CD33
NCT04156256,"CD123-CD33 cCAR in Patients With Relapsed and/or Refractory, High Risk Hematologic Malignancies","Phase I, Interventional, Single Arm, Open Label, Treatment Study to Evaluate The Safety and Tolerability of CD123-CD33 cCAR in Patients With Relapsed and/or Refractory, High Risk Hematologic Malignancies",UNKNOWN,EARLY_PHASE1,INTERVENTIONAL,20,Hematologic Malignancy; Acute Myeloid Leukemia; Myelodysplastic Syndromes; Myeloproliferative Neoplasm; Chronic Myeloid Leukemia,CD123-CD33 cCAR T cells,BIOLOGICAL,2018-03-01,2020-09-30,2020-09-30,China,iCell Gene Therapeutics,Number of participants with dose limiting toxicity (DLT) as assessed by the National Cancer Institute (NCI) Common Terminology Criteria for Adverse Events (CTCAE) version 5.0; Type of dose-limiting toxicity (DLT); Number of participants with adverse event by severity as assessed by the National Cancer Institute (NCI) Common Terminology Criteria for Adverse Events (CTCAE) version 5.0,"Phase I, interventional, single arm, open label, treatment study to evaluate the safety and tolerability of CD123-CD33 cCAR in patients with relapsed and/or refractory, high risk hematologic malignancies.",CD33; CD123
NCT05023707,Anti-FLT3 CAR T-cell Therapy in FLT3 Positive Relapsed/Refractory Acute Myeloid Leukemia,Pilot Study of the Safety and Efficacy of Anti-FLT3 Chimeric Antigen Receptor Engineered T-Cells in the Treatment of Relapsed or Refractory Acute Myeloid Leukemia (AML),UNKNOWN,"PHASE1, PHASE2",INTERVENTIONAL,5,Acute Myeloid Leukemia,anti-FLT3 CAR-T,BIOLOGICAL,2021-12-31,2023-06-30,2025-06-30,China,The First Affiliated Hospital of Soochow University,Number of Adverse Events,"This is a prospective,open-label, phase1/2 study to evaluate the safety and efficacy of anti-FLT3 chimeric antigen receptor engineered T cell immunotherapy (CART) in the treatment of FLT3 positive relapsed or refractory acute myeloid leukemia.",FLT3
NCT05445011,Anti-FLT3 CAR-T Cell (TAA05 Cell Injection) in the Treatment of Relapsed / Refractory Acute Myeloid Leukemia,Safety and Efficacy of Anti-FLT3 CAR- T Cell (TAA05 Cell Injection) in the Treatment of Relapsed/ Refractory Acute Myeloid Leukemia,RECRUITING,PHASE1,INTERVENTIONAL,12,Acute Myeloid Leukemia,Fludarabine + Cyclophosphamide + TAA05 Cell Injection,DRUG,2022-06-14,2025-06-14,2027-06-14,China,"Union Hospital, Tongji Medical College, Huazhong University of Science and Technology",Maximal tolerable dose (MTD),This is a clinical trial of Anti-FLT3 CAR-T Cell (TAA05 Cell Injection) in the treatment of patients with relapsed / refractory acute myeloid leukemia. The purpose is to evaluate the safety and efficacy of anti-FLT3 CAR-T cells in patients with relapsed / refractory acute myeloid leukemia.,FLT3
NCT06992934,Immunological Impact of a Post Cell Therapy Treatment With FLT3 Inhibitors,"Non Interventional Study Aiming to Assess the Immunological Impact of a Post Cell Therapy Treatment With FLT3 Inhibitors on the Phenotype, the Metabolism, the Function of T-cells and Monocytes and Macrophages",NOT_YET_RECRUITING,NA,INTERVENTIONAL,10,Hematological Malignancies,Gilteritinib,DRUG,2025-08,2028-08,2028-08,France,Centre Hospitalier Universitaire de Nice,Assess the off-target effects of Gilteritinib on the phenotype of immunity cells; Assess the off-target effects of Gilteritinib on the function of immunity cells; Assess the off-target effects of Gilteritinib on the metabolism of immunity cells,"Allogeneic hematopoietic stem cell transplantation (aHSCT) is the only curative option for many hematological maligancies. The main cause of death following HSCT is the relapse of the original disease.

Few strategies have been developed to prevent relapse after bone marrow transplantation. New prophylactic strategies are needed to decrease the relapse incidence without increasing the non-relapse mortality in the post-transplant area. Several drugs are currently being explored as maintenance in several AML subgroups such as FLT3 ITD/mutated AML.

A specific group of AML patients display the FM",FLT3
NCT05432401,TAA05 Injection in the Treatment of Adult Patients With FLT3-positive Relapsed/Refractory Acute Myeloid Leukemia,Clinical Study of TAA05 Injection in the Treatment of Adult Patients With FLT3-positive Relapsed/Refractory Acute Myeloid Leukemia,UNKNOWN,EARLY_PHASE1,INTERVENTIONAL,18,FLT3-positive Relapsed/Refractory Acute Myeloid Leukemia,T cell injection targeting FLT3 chimeric antigen receptor,BIOLOGICAL,2022-06-09,2023-06-09,2025-06-09,China,"PersonGen BioTherapeutics (Suzhou) Co., Ltd.",DLT; MTD,"This is a single arm , open-label, dose-escalation clinical study with the primary objective of evaluating the safety and tolerability of TAA05 injection in adult subjects with FLT3-positive relapsed/refractory acute myeloid leukemia. The secondary objectives are as follows: to evaluate the in vivo expansion and persistence of FLT3-targeted chimeric antigen receptor T (CAR-T) cells after injection of TAA05;to evaluate the proportion of FLT3-positive cells in peripheral blood after injection of TAA05;to preliminarily evaluate the efficacy of TAA05 injection in adult subjects with FLT3-positive ",FLT3
NCT06760260,Evaluation of the Safety and Efficacy of Human CI-135 (FLT3) Targeted CAR-T Cells Injection for Subjects with Relapsed/Refractory Acute Myeloid Leukemia,A Study to Evaluate the Safety and Efficacy of CI-135 CAR-T Cell Injection in the Treatment of Relapsed/Refractory Acute Myeloid Leukemia,RECRUITING,EARLY_PHASE1,INTERVENTIONAL,7,Acute Myeloid Leukemia (AML),Human Derived anti-CI135 CAR-T Injection,DRUG,2022-01-26,2025-12-31,2026-12-31,China,"Hrain Biotechnology Co., Ltd.",Dose limited toxicity (DLT),"This study is a single-arm, open-label, dose-escalating trial to explore the safety, tolerability and pharmacokinetic/pharmacodynamics characteristics of anti human CI-135 (FLT3) CAR-T Injection , and to preliminarily observe the efficacy of the trial drug in patients with relapsed/refractory Acute Myeloid Leukemia.",FLT3
NCT06786533,Clinical Study of Anti-FLT3 CAR-T Cells for the Treatment of Relapsed/Refractory AML,Phase 1 Study of Anti-FLT3 Chimeric Antigen Receptor-redirected T Cells in Subjects With Relapsed/Refractory Acute Myeloid Leukemia (AML),RECRUITING,PHASE1,INTERVENTIONAL,18,Relapsed/Refractory Acute Myeloid Leukemia (R/R AML),Anti-FLT3 CAR-T cells,DRUG,2025-01-23,2027-01,2027-01,United States,Hemogenyx Pharmaceuticals LLC,Determine the safety of HG-CT-1 cells based on the proportion of subjects infused with HG-CT-1 who experience a DLT.,"This is a phase 1 dose escalation study to determine the safety of anti-FLT3 CAR-T in subjects with R/R AML. The primary objective is to assess safety. Up to 18 evaluable adult and 18 evaluable pediatric subjects will be enrolled. Evaluable subjects are defined as those who have received an infusion of HG-CT-1.

Primary clinical objectives:

i. Determine the safety of HG-CT-1 based on the proportion of subjects infused with HG-CT-1 who experience a dose limiting toxicity (DLT).

Secondary clinical objectives:

i. Estimate the efficacy of HG-CT-1 according to standard clinical response criteria",FLT3
NCT03904069,"Study Evaluating the Safety, Tolerability, and Efficacy of FLT3 CAR-T AMG 553 in FLT3-positive Relapsed/Refractory AML","A Phase 1 Study Evaluating the Safety, Tolerability, and Efficacy of FLT3 Chimeric Antigen Receptor T-cell (CAR-T) AMG 553 in Subjects With FLT3-positive Relapsed/Refractory Acute Myeloid Leukemia.",WITHDRAWN,PHASE1,INTERVENTIONAL,0,Relapsed/Refractory Acute Myeloid Leukemia,AMG 553,DRUG,2023-03-13,2030-08-07,2030-08-07,United States,Amgen,Dose limiting toxicities (DLTs); Treatment-emergent adverse events; Treatment-related adverse events,"Evaluate the safety and tolerability of AMG 553 in adult and adolescent subjects with FLT3-positive R/R AML.

Determine the maximum tolerated cell dose (MTCD) or recommended phase 2 cell dose (RP2CD) of AMG 553.",FLT3
NCT06649227,Study Investigating the Safety of CD19 CAR-T Cells in Relapsed/Refractory AML Expressing CD19,Prospective Non-randomized Phase I Study Investigating the Safety of CD19 CAR-T Cells in Patients With Refractory/Relapsed AML Expressing CD19.,RECRUITING,PHASE1,INTERVENTIONAL,5,Relapsed Adult AML,CAR-T cell therapy,DRUG,2025-07-10,2029-07-10,2030-07-10,France,"University Hospital, Lille",Number of patients deceased without progression one month after CAR-T cell infusion,"Refractory/Relapsed (R/R) acute myeloid leukemia (AML) is associated with a dis-mal prognosis.

In some subsets of AML such as AML driven by the t(8;21) translocation, leading to the RUNX1-RUNX1T1 (AML1-ETO) fusion transcript expression, CD19 B-cell antigen is aberrantly expressed on malignant blasts in around 80 % of cases. Interestingly, the expression of the CD19 antigen is also detected in the CD34+ CD38-population leukemic stem cells.

t(8;21) AML subtype has a rather good prognosis with an intensive chemotherapy regimen, but relapses occur in around 40 % of the patients and new therapeut",FLT3; CD38
NCT05017883,TAA05 Cell Injection in the Treatment of Recurrent / Refractory Acute Myeloid Leukemia,TAA05 Cell Injection in the Treatment of Recurrent / Refractory Acute Myeloid Leukemia,UNKNOWN,NA,INTERVENTIONAL,5,CAR; Acute Myeloid Leukemia,TAA05 cell injection,DRUG,2021-07-01,2023-10,2025-10,China,"PersonGen BioTherapeutics (Suzhou) Co., Ltd.",ORR 3 ORR 3,This is a clinical study of ytaa05 cell injection in the treatment of patients with recurrent / refractory acute myeloid leukemia.The purpose is to evaluate the safety and preliminary efficacy of FLT3 car-t cells in patients with recurrent / refractory FLT3 positive acute myeloid leukemia.#TAA05 cell injection is a T cell targeting FLT3 chimeric antigen receptor#,FLT3
NCT04265963,CD123-Targeted CAR-T Cell Therapy for Relapsed/Refractory Acute Myeloid Leukemia,CD123-Targeted CAR-T Cell Therapy for Relapsed/Refractory Acute Myeloid Leukemia,UNKNOWN,"PHASE1, PHASE2",INTERVENTIONAL,45,"Leukemia; Leukemia, Myeloid; Leukemia, Myeloid, Acute",CD123 CAR-T cells,BIOLOGICAL,2019-09-01,2023-12-31,2024-07-01,China,"Chongqing Precision Biotech Co., Ltd",Adverse events that related to treatment; The response rate of CD123 CAR-T treatment in patients with relapse/refractory AML that treatment by CD123 CAR-T cells therapy,There are limited options for treatment of relapse/refractory acute myeloid leukemia (AML). CD123 CAR-T cells may have an attractive and permanent effect on anti-tumor. This study purpose to estimate the safety and efficiency of CD123 CAR-T cells to patients with relapse/refractory AML.,CD123
NCT04318678,CD123-Directed T-Cell Therapy for Acute Myelogenous Leukemia (CATCHAML),CD123-Directed T-Cell Therapy for Acute Myelogenous Leukemia (CATCHAML),RECRUITING,PHASE1,INTERVENTIONAL,108,AML/MDS; B-ALL; T-ALL; BPDCN,CD123-CAR T; Cyclophosphamide; Fludarabine; Mesna; Rituximab,DRUG; DRUG; DRUG; DRUG; DRUG,2020-07-29,2029-07-29,2030-07-29,United States,St. Jude Children's Research Hospital,Maximum tolerated dose of CD123-CAR T cells (CATCHAML),"The CD123-CAR T-cell therapy is a new treatment that is being investigated for treatment of AML/myelodysplastic syndrome (MDS), T- or B- acute lymphoblastic leukemia (ALL) or blastic plasmacytoid dendritic cell neoplasia (BPDCN). The purpose of this study is to find the maximum (highest) dose of CD123-CAR T cells that is safe to give to these patients. This would include studying the side effects of the chemotherapy, as well as the CD123-CAR T-cell product on the recipient's body, disease and overall survival.

Primary Objective:

* To determine the safety of one intravenous infusion of escala",CD123
NCT05949125,Phase 1 Study of Allo-RevCAR01-T-CD123 in Patients With Selected CD123 Positive Hematologic Malignancies,"Multicenter, Open-label, Phase 1 Study of Allo-RevCAR01-T-CD123 Consisting of Genetically Modified T Cells Carrying Reverse Chimeric Antigen Receptors (Allo RevCAR01 T) in Combination With CD123 Target Module (R-TM123) for the Treatment of Patients With Selected Hematologic Malignancies Positive for CD123",RECRUITING,PHASE1,INTERVENTIONAL,80,"Acute Myeloid Leukemia, in Relapse; Acute Myeloid Leukemia Refractory","Cyclophosphamide (Non-IMP, Lymphodepletion); Fludarabine (Non-IMP, Lymphodepletion); R-TM123; Allo-RevCAR01-T",OTHER; OTHER; DRUG; DRUG,2024-01-03,2027-05,2028-01,Germany; Netherlands,AvenCell Europe GmbH,To assess the safety profile of the treatment; To determine the incidence of dose-limiting toxicities (DLT); To determine the maximum tolerated dose (MTD),"The Allo-RevCAR01-T-CD123 drug is a combination of a cellular component (Allo-RevCAR01-T) with a recombinant antibody derivative (R-TM123), which together form the active drug. The cellular component Allo-RevCAR01-T consists of an allogeneic human T-cell genetically multi-edited and expressing a reversed, universal chimeric antigen receptor (RevCAR) presenting an extracellular peptide epitope (RevCAR epitope). R-TM123 functions as a bridging module between Allo-RevCAR01-T and a CD123-expressing target cancer cell by selectively binding the RevCAR epitope and CD123.",CD123
NCT04014881,Safety and Efficacy of Anti-CD123 CAR-T Therapy in Patients With Refractory/ Relapsed CD123+ Acute Myeloid Leukemia.,"Single-center, Open-label, Single-arm Clinical Study of Efficacy and Safety of Anti-CD123 CAR-T Therapy in Patients With Refractory/Relapsed CD123+ Acute Myeloid Leukemia.",UNKNOWN,PHASE1,INTERVENTIONAL,50,CD123+ Acute Myeloid Leukemia,Third-generation anti-CD123 CAR-T cells,BIOLOGICAL,2019-07-06,2021-07-01,2022-07-01,China,"Union Hospital, Tongji Medical College, Huazhong University of Science and Technology",Incidence of Treatment-related Adverse Events,"This is a single-center, open-label, single-arm study to evaluate the safety and efficacy of anti-CD123 CAR-T cells in patients with refractory/relapsed CD123+ Acute Myeloid Leukemia.",CD123
NCT03766126,Lentivirally Redirected CD123 Autologous T Cells in AML,Phase 1 Study of Lentivirally Transduced T Cells Engineered to Contain Anti-CD123 Linked to TCRζ and 4-1BB Signaling Domains in Subjects With Refractory or Relapsed Acute Myeloid Leukemia,ACTIVE_NOT_RECRUITING,PHASE1,INTERVENTIONAL,22,"Acute Myeloid Leukemia, in Relapse; Acute Myeloid Leukemia, Adult; Acute Myeloid Leukemia, Refractory",CART123 cells; cyclophosphamide; fludarabine,BIOLOGICAL,2018-12-06,2033-12-03,2033-12-03,United States,University of Pennsylvania,"Safety profile of CART123 cells by monitoring the frequency and severity of adverse events assessed by the National Cancer Institute (NCI) - Common Toxicity Criteria (v5.0); Evaluate the percentage of manufacturing products that do not meet release criteria for vector transduction efficiency, T cell product purity, viability, sterility.","Phase 1 open-label study to estimate the safety, manufacturing feasibility, and efficacy of intravenously administered, lentivirally transduced T cells expressing anti-CD123 chimeric antigen receptors expressing tandem TCRζ and 4-1BB (TCRζ /4-1BB) costimulatory domains in Acute Myeloid Leukemia (AML) subjects.",CD123
NCT04230265,Phase 1 Study of UniCAR02-T-CD123 in Patients With Selected CD123 Positive Hematologic Malignancies,"Multicenter, Open-label, Adaptive Design Phase I Trial With Genetically Modified T-cells Carrying Universal Chimeric Antigen Receptors (UniCAR02-T) in Combination With CD123 Target Module (TM123) for the Treatment of Patients With Hematologic and Lymphatic Malignancies Positive for CD123",TERMINATED,PHASE1,INTERVENTIONAL,32,Acute Myeloid Leukemia (AML),Cyclophosphamide (Non-IMP); Fludarabine (Non-IMP); TM123 (IMP); UniCAR02-T (IMP),DRUG; DRUG; DRUG; DRUG,2020-01-28,2025-04-11,2025-04-11,Germany; Netherlands,AvenCell Europe GmbH,Safety and tolerability; Recommended phase 2 dose (RP2D); Response,"This dose-escalating phase I trial assesses for the first time the safety, the side effects and the harmlessness, as well as the therapeutical benefit of the new study drug UniCAR02-T-CD123 in patients with hematologic and lymphatic malignancies positive for CD123 marker. The UniCAR02-T-CD123 drug is a combination of a cellular component (UniCAR02-T) with a recombinant antibody derivative (TM123) which together forms the active drug.",CD123
NCT06006403,Safety and Efficacy of CD123-targeted CAR-NK for Relapsed/Refractory Acute Myeloid Leukemia or Blastic Plasmacytoid Dendritic Cell Neoplasm,Clinical Study of Targeting CD123 Chimeric Antigen Receptor Natural Killer Cells (CAR-NK) in the Treatment of Relapsed/Refractory Acute Myeloid Leukemia or Blastic Plasmacytoid Dendritic Cell Neoplasm,RECRUITING,"PHASE1, PHASE2",INTERVENTIONAL,36,Acute Myeloid Leukemia; Blastic Plasmacytoid Dendritic Cell Neoplasm (BPDCN); Relapse Leukemia; Refractory Leukemia,CD123 targeted CAR-NK cells,BIOLOGICAL,2023-08-31,2025-12-31,2026-08-31,China,"Chongqing Precision Biotech Co., Ltd",To evaluate the safety of CAR-NK cell preparations in the treatment of Relapsed/Refractory Acute Myeloid Leukemia or Blastic Plasmacytoid Dendritic Cell Neoplasm[Safety and Tolerability]; To evaluate the efficacy of CAR-NK cell preparations in the treatment of Relapsed/Refractory Acute Myeloid Leukemia or Blastic Plasmacytoid Dendritic Cell Neoplasm[Effectiveness],"This study is a single-arm, open-label, dose-escalating + dose-expansion clinical study, aiming to evaluate the safety and efficacy of targeting CD123 CAR-NK cell preparations in Relapsed/refractory acute myeloid leukemia (AML) or blastocytic plasmacytoid dendritic cell neoplasm (BPDCN). The pharmacokinetic characteristics of CAR-NK cell preparations for the treatment of patients with Relapsed/refractory acute myeloid leukemia or blastocytic plasmacytoid dendritic cell neoplasm were obtained and the recommended dose.",CD123
NCT03672851,Study Evaluating Safety and Efficacy of CAR-T Cells Targeting CD123 in Patients With Acute Leukemia,Study Evaluating Safety and Efficacy of CAR-T Cells Targeting CD123 in Patients With Acute Leukemia,TERMINATED,PHASE1,INTERVENTIONAL,2,Acute Leukemia; Acute Leukemia in Relapse; Acute Myeloid Leukemia; Relapsed or Refractory Acute Leukemia,anti-CD123 CAR-T treatment,DRUG,2019-04-17,2019-07-31,2019-07-31,China,Second Affiliated Hospital of Xi'an Jiaotong University,Dose-limiting toxicity (DLT); Incidence of adverse events; Disease response (CR or CRi),"This is a single arm, open-label, phase 1 study, to determine the safety and efficacy of anti-CD123 CAR-T cells in treating patients diagnosed with refractory/relapsed acute leukemia in a dose-escalation way.",CD123
NCT02159495,Genetically Modified T-cell Immunotherapy in Treating Patients With Relapsed/Refractory Acute Myeloid Leukemia and Persistent/Recurrent Blastic Plasmacytoid Dendritic Cell Neoplasm,"Phase I Study of Cellular Immunotherapy Using T Cells Lentivirally Transduced to Express a CD123-Specific, Hinge-Optimized, CD28-Costimulatory Chimeric Antigen Receptor and a Truncated EGFR for Patients With CD123+ Relapsed/Refractory Acute Myeloid Leukemia and Persistent/Recurrent Blastic Plasmacytoid Dendritic Cell Neoplasm",ACTIVE_NOT_RECRUITING,PHASE1,INTERVENTIONAL,31,Adult Acute Myeloid Leukemia in Remission; Acute Biphenotypic Leukemia; Early Relapse of Acute Myeloid Leukemia; Late Relapse of Acute Myeloid Leukemia; Recurrent Adult Acute Myeloid Leukemia; Secondary Acute Myeloid Leukemia; Blastic Plasmacytoid Dendritic Cell Neoplasm; Acute Myeloid Leukemia; Adult Acute Lymphoblastic Leukemia; Interleukin-3 Receptor Subunit Alpha Positive; Minimal Residual Disease; Refractory Acute Myeloid Leukemia; Untreated Adult Acute Myeloid Leukemia,cyclophosphamide; Autologous CD123CAR-CD28-CD3zeta-EGFRt-expressing T Lymphocytes; laboratory biomarker analysis; Allogeneic CD123CAR-CD28-CD3zeta-EGFRt-expressing T-lymphocytes; Fludarabine Phosphate,DRUG; BIOLOGICAL; OTHER; BIOLOGICAL; DRUG,2015-12-15,2026-08-06,2026-08-06,United States,City of Hope Medical Center,Dose-limiting toxicity (DLT) defined as any grade 3 or higher toxicity as assessed by the National Cancer Institute (NCI) Common Terminology Criteria for Adverse Events (CTCAE) version 4.0; Incidence of adverse events as assessed by NCI CTCAE version 4.0; Disease response (CR or CRi),This phase I trial studies the side effects and the best dose of genetically modified T-cells after lymphodepleting chemotherapy in treating patients with acute myeloid leukemia or blastic plasmacytoid dendritic cell neoplasm that has returned after a period of improvement or has not responded to previous treatment. An immune cell is a type of blood cell that can recognize and kill abnormal cells in the body. The immune cell product will be made from patient or patient's donor (related or unrelated) blood cells. The immune cells are changed by inserting additional pieces of deoxyribonucleic ac,CD123
NCT05513612,Novel CAR-T Cell Therapy in the Treatment of Hematopoietic and Lymphoid Malignancies,Safety and Efficacy Study of Novel CAR-T Cell Therapy in the Treatment of Hematopoietic and Lymphoid Malignancies,WITHDRAWN,PHASE1,INTERVENTIONAL,0,"Acute Myeloid Leukemia (AML); B-cell Non-Hodgkin's Lymphoma (B-NHL); Multiple Myeloma (MM); T-Cell Leukemia/Lymphoma, Adult; B-cell Acute Lymphoblastic Leukemia (B-ALL)",Autologous CAR-T cells; Fludarabine; Cyclophosphamide,BIOLOGICAL; DRUG; DRUG,2020-08-01,2025-12-31,2026-12-31,China,Shanghai Pudong Hospital,TEAEs; TRAEs; AESIs,The primary purpose of this study is to determine the safety and efficacy of novel autologous CAR-T cells in patients with hematopoietic and lymphoid malignancies.,CD123
NCT03631576,CD123/CLL1 CAR-T Cells for R/R AML (STPHI_0001),CD123/CLL1 CAR-T Cell Therapy for Relapsed and Refractory Acute Myeloid Leukemia,UNKNOWN,"PHASE2, PHASE3",INTERVENTIONAL,20,Relapsed/Refractory AML,CD123/CLL1 CAR-T Cells,BIOLOGICAL,2018-08-10,2021-08-10,2021-08-10,China,Fujian Medical University,Leukemia free survival,The treatment options for relapse/refractory B-cell acute myeloid leukemia(AML)are limited.CD123/CLL1 CAR-T Cells may have a permanent anti-tumor effect and became very attractive. This study aims to assess the safety and toxicity of CD123/CLL1 CAR-T Cells to patients with relapse/refractory AML.,CD123; CLL-1
NCT07464951,CART123 Cells With or Without Ruxolitinib in Relapsed/Refractory Acute Myeloid Leukemia,Phase 1 Trial of Autologous CD123-Directed CAR T-Cells (CART123) as Monotherapy or in Combination With Ruxolitinib in Relapsed/Refractory Acute Myeloid Leukemia,NOT_YET_RECRUITING,PHASE1,INTERVENTIONAL,30,Acute Myeloid Leukemia (AML),Anti-CD123 LV redirected T cells (CART123); Ruxolitinib (JAKAVI®),BIOLOGICAL; DRUG,2026-04-01,2029-04-30,2030-04-30,United States,Stephan Grupp MD PhD,Evaluate the Safety of CART123; Safety of CART123 in combination with Ruxolitinib; Determine Maximum Tolerated Dose of CART123,This study is designed to evaluate the safety and effectiveness of CART123 cells either alone or when combined with ruxolitinib in pediatric and young adult subjects with relapsed or refractory AML. Subjects will be enrolled into one of two treatment cohorts: subjects who will receive CART123 alone (Cohort A) or subjects who will receive CART123 in combination with ruxolitinib (Cohort B).,CD123
NCT04272125,Safety and Efficacy of CD123-Targeted CAR-T Therapy for Relapsed/Refractory Acute Myeloid Leukemia,Safety and Efficacy of CD123-Targeted CAR-T Therapy for Relapsed/Refractory Acute Myeloid Leukemia,UNKNOWN,"PHASE1, PHASE2",INTERVENTIONAL,40,"Leukemia; Leukemia, Myeloid; Leukemia, Myeloid, Acute",CD123 CAR-T cells,BIOLOGICAL,2019-12-01,2023-12-31,2024-07-01,China,"Chongqing Precision Biotech Co., Ltd",Adverse events that related to treatment; The response rate of CD123 CAR-T treatment in patients with relapse/refractory Acute Myeloid Leukemia that treatment by CD123 CAR-T cells therapy,This is a single arm study to evaluate the efficacy and safety of CD123-targeted CAR-T cells therapy for patients with relapsed/refractory Acute Myeloid Leukemia.,CD123
NCT05457010,Phase I Study of Cell Therapies for the Treatment of Patients With Relapsed or Refractory AML or High-risk MDS,"Master Protocol for the Phase 1 Study of Cell Therapies for the Treatment of Patients With Relapsed or Refractory Acute Myeloid Leukemia or High-risk Myelodysplastic Syndrome, Including Long-term Safety Follow-up",UNKNOWN,PHASE1,INTERVENTIONAL,24,Acute Myeloid Leukemia; Myelodysplastic Syndromes,SPRX002; ARC-T Cells,BIOLOGICAL; BIOLOGICAL,2022-11-28,2025-09-30,2025-11-17,United States,"Arcellx, Inc.","Incidence of treatment-emergent adverse events (TEAEs), including dose-limiting toxicities (DLTs) and establish recommended Phase II dose (RP2D)",The purpose of this study is to evaluate the safety and preliminary activity of ARC-T cells and SPRX002 in participants with relapsed or refractory acute myeloid leukemia (AML) or high-risk myelodysplastic syndrome (MDS),CD123
NCT03190278,Study Evaluating Safety and Efficacy of UCART123v1.2 in Patients With Relapsed/Refractory Acute Myeloid Leukemia,"Phase I, Open Label Dose Escalation and Dose-Expansion Study to Evaluate the Safety, Expansion, Persistence, and Clinical Activity of UCART123 (Allogeneic Engineered T-cells Expressing Anti-CD123 Chimeric Antigen Receptor), Administered in Patients With Relapsed/Refractory Acute Myeloid Leukemia",ACTIVE_NOT_RECRUITING,PHASE1,INTERVENTIONAL,29,Relapsed/Refractory Acute Myeloid Leukemia,UCART123v1.2,BIOLOGICAL,2017-06-19,2024-12-24,2025-12,United States,Cellectis S.A.,Incidence of adverse events (AE)/serious adverse events (SAE)/Dose Limiting Toxicities (DLT) [Safety and Tolerability]; Dose escalation and expansion part: Occurrence of DLTs,"Phase I, open-label, dose-escalation and dose-expansion study evaluating the safety and efficacy of Universal Chimeric Antigen Receptor T-cell (UCART) targeting the Cluster of Differentiation 123 (CD123) in patients with relapsed/refractory acute myeloid leukemia (AML). The purpose of this study is to evaluate the safety and clinical activity of Universal Chimeric Antigen Receptor T-cells targeting CD123 (UCART123v1.2) and determine the Maximum Tolerated Dose (MTD) and Recommended Phase 2 Dose (RP2D).",CD123
NCT04678336,CD123 Redirected T Cells for AML in Pediatric Subjects,Phase 1 Study of Lentivirally Transduced T Cells Engineered to Contain Anti-CD123 Linked to TCRζ and 4-1BB Signaling Domains in Pediatric Subjects With Refractory or Relapsed Acute Myeloid Leukemia,TERMINATED,PHASE1,INTERVENTIONAL,12,"Acute Myeloid Leukemia, in Relapse; Acute Myeloid Leukemia, Pediatric; Acute Myeloid Leukemia, Refractory",CART123 cells; cyclophosphamide; fludarabine,BIOLOGICAL,2021-04-02,2025-05-09,2025-05-09,United States,University of Pennsylvania,Evaluate the safety of CART123 in AML subjects,"Phase 1 open-label study to evaluate the safety of intravenously administered, lentivirally transduced T cells expressing anti-CD123 chimeric antigen receptors expressing tandem TCRζ and 4-1BB (TCRζ /4-1BB) costimulatory domains in pediatric subjects with relapsed/refractory Acute Myeloid Leukemia (AML).",CD123
NCT07201727,CD123+CLL-1 CAR-T Sequential Infusion With CD7 CAR-T and Bridging to Allo-HSCT for Relapsed/Refractory Acute Myeloid Leukemia,Early Clinical Study of CD123+CLL-1 Dual-target CAR-T Cells Sequential Infusion CD7 CAR-T Cells and Bridging to Allogeneic Hematopoietic Stem Cell Transplantation for the Treatment of Relapsed and Refractory Acute Myeloid Leukemia,NOT_YET_RECRUITING,EARLY_PHASE1,INTERVENTIONAL,10,AML - Acute Myeloid Leukemia,CD123+CLL-1 dual-target CAR-T cells sequential infusion CD7 CAR-T cells and bridging to allogeneic,BIOLOGICAL,2025-09-30,2028-05-01,2028-07-01,,"Institute of Hematology & Blood Diseases Hospital, China",Monitor and record adverse events,"This study is a single-arm, open-label, prospective clinical trial, with patients suffering from refractory and relapsed acute myeloid leukemia as the subjects. It plans to enroll 10 cases to evaluate the safety and efficacy of sequential CD123+CLL-1 CAR-T cells followed by CD7 CAR-T cells treatment.",CD123; CLL-1
NCT03585517,Safety and Efficacy Evaluation of IM23 CAR-T Cells (IM23CAR-T),Safety and Efficacy Evaluation of IM23 CAR-T Cells On CD123+ AML Patients,COMPLETED,PHASE1,INTERVENTIONAL,10,AML,IM23,DRUG,2018-07-21,2020-08-01,2020-10-01,China,"Beijing Immunochina Medical Science & Technology Co., Ltd.",Occurrence of study related adverse events,Assessment of the Safety and Feasibility of Administering T Cells Expressing an Anti-CD123 Chimeric Antigen Receptor to Patients With CD123+ AML,CD123
NCT03556982,CART-123 FOR Relapsed/Refractory Acute Myelocytic Leukemia（AML）,CD123-Targeted CAR-T in Treating Patients With Relapsed/Refractory Acute Myelocytic Leukemia（AML）,UNKNOWN,"PHASE1, PHASE2",INTERVENTIONAL,10,"Leukemia, Myeloid, Acute",CART-123 cells,BIOLOGICAL,2018-03-01,2019-03-01,2020-03-01,China,The Affiliated Hospital of the Chinese Academy of Military Medical Sciences,Dose-limiting toxicity; Incidence of adverse events as assessed; Disease response (CR or CRi),The purpose of this study is to evaluate the safety and efficiency of CD123-Targeted CAR-T in Treating Patients with relapsed/refractory AML,CD123
NCT04599543,IL3 CAR-T Cell Therapy for Patients With CD123 Positive Relapsed and/or Refractory Acute Myeloid Leukemia,Clinical Trial for the Safety and Efficacy of IL3 CAR-T Cell Therapy for Patients With CD123 Positive Relapsed and/or Refractory Acute Myeloid Leukemia,NOT_YET_RECRUITING,EARLY_PHASE1,INTERVENTIONAL,36,Acute Myeloid Leukemia,IL3 CAR T-cells,DRUG,2020-11-15,2023-11-15,2026-11-15,China,Zhejiang University,Dose-limiting toxicity (DLT); Incidence of treatment-emergent adverse events (TEAEs),A Study of IL3 CAR-T Cell Therapy for Patients With CD123 Positive Relapsed and/or Refractory Acute Myeloid Leukemia.,CD123
NCT06125652,Administration of Anti Tim-3/CD123 CAR-T Cell Therapy in Relapsed and Refractory Acute Myeloid Leukemia (rr/AML),Application of Anti Tim-3/CD123 CAR-T Cell Therapy in Relapsed and Refractory Acute Myeloid Leukemia (rr/AML),RECRUITING,"PHASE1, PHASE2",INTERVENTIONAL,20,"Acute Myeloid Leukemia Refractory; Acute Myeloid Leukemia, in Relapse",anti Tim-3/CD123 CAR-T cell therapy,DRUG,2023-11-04,2026-01-01,2027-01-01,China,Xuzhou Medical University,Dose-limiting toxicity #DLT#,To evaluate the safety and efficacy of anti Tim3/CD123 CAR-T cells in the treatment of relapsed and refractory acute myeloid leukemia.,CD123
NCT03796390,Study Evaluating Safety and Efficacy of CAR-T Cells Targeting CD123 in Patients With Acute Myelocytic Leukemia,Study Evaluating Safety and Efficacy of CAR-T Cells Targeting CD123 in Patients With Acute Myelocytic Leukemia,UNKNOWN,PHASE1,INTERVENTIONAL,15,Acute Myelocytic Leukemia,CD123 CAR-T cells,BIOLOGICAL,2018-12-26,2020-11-06,2021-06-06,China,"Hebei Senlang Biotechnology Inc., Ltd.",Tumor load,"This is an open, single-arm, phase I clinical study to evaluate efficacy and safety of chimeric antigen receptor T cell immunotherapy (CAR-T) targeting CD123 in the treatment of Acute Myelocytic Leukemia. A total of 15 patients are planned to be enrolled following up one year.",CD123
NCT06765876,CART123 T Cells in Relapsed or Refractory CD123+ Hematologic Malignancies: A Dose Escalation Phase I Trial,"Safety and Efficacy of Anti-CD123 Chimeric Antigen Receptor-Modified Autologous T Cells (CART123) in Patients With Relapsed/Refractory CD123+ Hematologic Malignancies: A Dose Escalation, Open-Label, Phase I Study",RECRUITING,EARLY_PHASE1,INTERVENTIONAL,18,"Leukemia, Myeloid, Acute(AML); Precursor Cell Lymphoblastic Leukemia-Lymphoma; Myelodysplastic Syndromes (MDS); Blastic Plasmacytoid Dendritic Cell Neoplasm (BPDCN)",Autologous CAR123 T lymphocytes,BIOLOGICAL,2024-10-23,2028-12-31,2028-12-31,Czechia,"Institute of Hematology and Blood Transfusion, Czech Republic",Safety and tolerability of autologous CART123 cells; Rate of hematological recovery; A dose of CART123 cells for further study,"Adult patients with refractory or relapsed CD123+ hematologic malignancies, including acute myeloid leukemia, myelodysplastic syndrome, acute lymphoblastic leukemia, or blastic plasmocytoid dentritic cell neoplasm will be recruited in the trial. CART123 cells will be manufatured from blood of each patient. During the production of CAR123 cells, patients may receive appropriate bridging therapy. After cells are produced, participants will undergo a single course of lymphodepleting chemotherapy and receive a single dose of CAR123 T cells. The trial will establish the recommended dose for further",CD123
NCT02623582,CD123 Redirected Autologous T Cells for AML,Pilot Study of RNA-Redirected Autologous T Cells Engineered to Contain Anti-CD123 Linked to TCR and 4-1BB Signaling Domains in Patients With Refractory or Relapsed Acute Myeloid Leukemia,TERMINATED,EARLY_PHASE1,INTERVENTIONAL,7,Relapsed or Refractory Acute Myeloid Leukemia,Autologous Anti-CD 123 CAR TCR/4-1BB-expressing T-lymphocytes; Cyclophosphamide,BIOLOGICAL; DRUG,2015-12,2016-08-26,2016-11-18,United States,University of Pennsylvania,Number of Adverse Events,"Pilot open-label study to estimate the feasibility, safety and efficacy of intravenously administered, RNA electroporated autologous T cells expressing anti-CD123 chimeric antigen receptors expressing tandem TCR and 4-1BB (TCR /4-1BB) costimulatory domains (referred to as RNA CART123) in Acute Myeloid Leukemia (AML) subjects.",CD123
NCT04106076,Phase I Study of UCART123 in Patient With Adverse Genetic Risk Acute Myeloid Leukemia,"Phase I, Open Label Dose-escalation Study to Evaluate the Safety, Expansion, Persistence and Clinical Activity of Multiple Infusions of UCART123 (Allogeneic Engineered T-cells Expressing Anti-CD123 Chimeric Antigen Receptor) in Patients With Adverse Genetic Risk Acute Myeloid Leukaemia",WITHDRAWN,PHASE1,INTERVENTIONAL,0,Acute Myeloid Leukaemia,UCART123,BIOLOGICAL,2019-07-11,2019-12-05,2019-12-05,,Cellectis S.A.,Incidence of AE/SAE/DLT [Safety and Tolerability],"This is a Phase I, open-label, dose escalation study of UCART123 administered intravenously to patients with newly diagnosed CD123 positive adverse genetic risk acute myeloid leukaemia (AML) defined in the ELN adverse genetic risk group (2017). The purpose of this study is to evaluate the safety and clinical activity of multiple infusions of UCART123 and to determine the Maximum Tolerated Dose (MTD).",CD123
NCT03114670,Donor-derived Anti-CD123-CART Cells for Recurred AML After Allo-HSCT,Donor-derived Anti-CD123 Chimeric Antigen Receptors Modified T Cells for Recurred Acute Myeloid Leukaemia After Allogeneic Hematopoietic Stem Cell Transplantation,UNKNOWN,PHASE1,INTERVENTIONAL,20,Adult Acute Myeloid Leukemia,CD123CAR-41BB-CD3zeta-EGFRt-expressing T cells,BIOLOGICAL,2017-03-25,2019-03-18,2021-03-18,China,Affiliated Hospital to Academy of Military Medical Sciences,Incidence of adverse events related to treatment as assessed by NCI CTCAE version 4.03,Patients with acute myeloid leukemia(AML) recurred after the allogeneic hematopoietic stem cell transplantation (allo-HSCT) have a dismal prognosis.The investigators developed donor-derived chimeric antigen receptor modified-T cell(CART) to target CD123 for the treatment of AML. The investigators start the Phase I study aimed to treat recurred post-transplantation AML patients using donor-derived CAR-T. The purpose of this study is to assess the safety and effectiveness of anti-CD123 CAR-T cells in patients.,CD123
NCT07432100,"Clinical Study on the Safety, Efficacy and Pharmacokinetics of Universal CLL1 Chimeric Antigen Receptor T-Cell in Relapsed/Refractory Acute Myeloid Leukemia","Clinical Study on the Safety, Efficacy and Pharmacokinetics of Universal CLL1 Chimeric Antigen Receptor T-Cell in Relapsed/Refractory Acute Myeloid Leukemia",NOT_YET_RECRUITING,PHASE1,INTERVENTIONAL,20,Acute Myeloid Leukemia; Chimeric Antigen Receptor T-cell; Universal CLL1 CAR-T,universal CLL1 CAR-T cells,BIOLOGICAL,2026-02,2028-12,2028-12-12,,Mingfeng Zhao,Bone marrow tumor burden; Overall survival time; Progression-Free-Survival,"Acute myeloid leukemia (AML) is a common type of acute leukemia in adults. Although the treatment of AML has improved in recent decades, the 5-year survival rate remains below 50% due to the chemoresistance or toxicity of these treatments. Most patients eventually die from relapse and/or progressive disease, and these patients urgently need new treatment strategies. Chimeric antigen receptor T-cell (CAR-T cell) therapy is an adoptive immunotherapy that expresses one or more specific chimeric antigen receptors (CARs) on T cells through genetic engineering, enabling them to target tumor cells. C",CLEC12A; CLL-1
NCT06128044,CRISPR-Edited Allogeneic Anti-CLL-1 CAR-T Cell Therapy in Patients With Relapsed/Refractory Acute Myeloid Leukemia,"A Phase 1, Multicenter, Open-Label Study of CB-012, a CRISPR-Edited Allogeneic Anti-CLL-1 CAR-T Cell Therapy in Patients With Relapsed/Refractory Acute Myeloid Leukemia",TERMINATED,PHASE1,INTERVENTIONAL,12,"Acute Myeloid Leukemia, in Relapse; Acute Myeloid Leukemia Refractory",CB-012,DRUG,2024-02-08,2025-05-30,2025-05-30,United States,"Caribou Biosciences, Inc.",(Part A) Number of patients with dose limiting toxicities (DLT); (Part B) Overall Response Rate (ORR),"CB-012 is an allogeneic chimeric antigen receptor (CAR-T) cell therapy that targets C-type lectin-like molecule-1 (CLL-1). This is a Phase 1 study to evaluate the safety, preliminary efficacy, and pharmacokinetics, of CB-012 (the study treatment) in adults with acute myeloid leukemia (AML) that has come back after prior treatment (relapsed) or did not respond or is no longer responding to other treatment (refractory). Participants must have received at least 1 but not more than 3 prior lines of treatment for AML .",CLEC12A; CLL-1
NCT06017258,A Study of CD371-YSNVZIL-18 CAR T Cells in People With Acute Myeloid Leukemia,Phase I Trial of CLEc12a (CD371) Targeted ArmoRed Immune Effector Cells in Patients With Relapsed/Refractory Acute Myeloid Leukemia (CLEAR-AML),RECRUITING,PHASE1,INTERVENTIONAL,15,"Refractory Acute Myeloid Leukemia; Relapsed Acute Myeloid Leukemia; Acute Myeloid Leukemia; Acute Myeloid Leukemia, in Relapse; Acute Myeloid Leukemia Refractory",CD371-specific/YSNVz/I-18 CAR T cells,BIOLOGICAL,2023-08-22,2026-08-22,2026-08-22,United States,Memorial Sloan Kettering Cancer Center,Maximum Tolerated Dose (MTD) of CAR T cells,"The purpose of this study is to find out whether CD371-YSNVZ-IL18 CAR T cells are safe, and to look for the highest dose of CD371-YSNVZ-IL18 CAR T cells that cause few or mild side effects in participants.",CLEC12A; CLL-1
NCT07342244,Safety and Efficacy of CLL1 CAR-T Followed by Allogeneic Hematopoietic Stem Cell Transplantation in the Treatment of Relapsed/Refractory Acute Myeloid Leukemia,Safety and Efficacy of CLL1 CAR-T Followed by Allogeneic Hematopoietic Stem Cell Transplantation in the Treatment of Relapsed/Refractory Acute Myeloid Leukemia,NOT_YET_RECRUITING,NA,INTERVENTIONAL,18,AML; AML (Acute Myeloid Leukemia),CLL1 CAR-T Cell Sequential Allogeneic Hematopoietic Stem Cell Transplantation,DRUG,2026-01-30,2028-12-20,2029-12-20,China,Donghua Zhang,Overall survival,"This study aims to evaluate whether an innovative combination therapy (CLL1 CAR-T sequential allogeneic hematopoietic stem cell transplantation) is safe, feasible and effective for the treatment of relapsed/refractory acute myeloid leukemia (R/R AML).",CLL-1
NCT06347458,BG1805 Injection in the Treatment of Relapsed or Refractory Acute Myeloid Leukemia in Children,"A Single-arm, Dose-escalation and Dose-expansion Phase I Clinical Study to Evaluate the Tolerability, Safety and Preliminary Efficacy of BG1805 Injection in the Treatment of Relapsed or Refractory Acute Myeloid Leukemia in Children",NOT_YET_RECRUITING,PHASE1,INTERVENTIONAL,24,Leukemia; Acute Myeloid Leukemia,BG1805,BIOLOGICAL,2024-04,2027-04,2027-08,,"Guangzhou Bio-gene Technology Co., Ltd",1.Dose Limited Toxicity Rate; 2.Incidence of Treatment-Emergent Adverse Events,"This is a single-arm, single-dose dose-escalation and dose-expansion study.",CLL-1
NCT05252572,Clinical Study of CLL1 CAR-T Cells in the Treatment of Hematological Malignancies,Clinical Study on the Safety and Effectiveness of CLL1 CAR-T Cells in the Treatment of CLL1-positive Hematological Malignancies,UNKNOWN,EARLY_PHASE1,INTERVENTIONAL,36,AML,CLL1 CAR T-cells,BIOLOGICAL,2022-02-28,2024-11-30,2024-11-30,China,Zhejiang University,Dose-limiting toxicity (DLT); Incidence of treatment-emergent adverse events (TEAEs),Clinical Study on the Safety and Effectiveness of CLL1 CAR-T Cells in the Treatment of CLL1-positive Hematological Malignancies,CLL-1
NCT06880354,A Clinical Study to Evaluate the Safety and Efficacy of CLL1 and CD38 Dual-Target CAR-T Cell Injection in the Treatment of Relapsed or Refractory Acute Myeloid Leukemia,A Clinical Study to Evaluate the Safety and Efficacy of CLL1 and CD38 Dual-Target CAR-T Cell Injection in the Treatment of Relapsed or Refractory Acute Myeloid Leukemia,RECRUITING,PHASE1,INTERVENTIONAL,37,Acute Myeloid Leukemia,CLL1 and CD38 Dual-Target CAR-T Cell Injection,DRUG,2025-05-22,2028-03-31,2028-03-31,China,"Institute of Hematology & Blood Diseases Hospital, China",Dose-Limiting Toxicity (DLT) Rate; Adverse Events （AEs）,"This is a single-arm, open-label, phase I dose-escalation clinical study to evaluate the safety and preliminary efficacy of CLL1 and CD38 dual-target CAR T cell injection in r/r AML subjects.",CLL-1; CD38
NCT04219163,Chimeric Antigen Receptor T-cells for The Treatment of AML Expressing CLL-1 Antigen,Chimeric Antigen Receptor T-cells for The Treatment of Acute Myeloid Leukemia Expressing CLL-1 Antigen,ACTIVE_NOT_RECRUITING,PHASE1,INTERVENTIONAL,18,Acute Myeloid Leukemia,CLL-1.CAR T cells,BIOLOGICAL,2020-07-09,2025-03-24,2038-07-31,United States,Baylor College of Medicine,Dose limiting toxicity (DLT) rate,"Patients eligible for this study have a type of blood cancer Acute Myeloid Leukemia (AML) which has come back or has not gone away after treatment.

The body has different ways of fighting disease and infection, and this research study combines two different ways of fighting cancer with antibodies and T cells with the hope that they will work together. T cells (also called T lymphocytes) are special infection-fighting blood cells that can kill other cells including tumor cells. Antibodies are types of proteins that protect the body from bacterial and other infectious diseases. Both antibodies ",CLL-1
NCT04789408,Study of KITE-222 in Participants With Relapsed/Refractory Acute Myeloid Leukemia,"A Phase 1 Open-label, Multicenter Study Evaluating the Safety of KITE-222, an Autologous Anti-CLL-1 CAR T-cell Therapy, in Subjects With Relapsed/Refractory Acute Myeloid Leukemia",TERMINATED,PHASE1,INTERVENTIONAL,15,Acute Myeloid Leukemia,Cyclophosphamide; Fludarabine; KITE-222,DRUG; DRUG; BIOLOGICAL,2021-07-19,2024-05-18,2024-05-18,France; United States,"Kite, A Gilead Company",Percentage of Participants Who Experienced Dose Limiting Toxicities (DLTs),"The goal of this clinical study is to learn more about the safety and dosing of the study drug, KITE-222, in participants with relapsed/refractory (r/r) acute myeloid leukemia (AML).",CLL-1
NCT05467202,Evaluate the Safety and Efficacy of CLL1 CAR-T in Patients With R/R AML,To Evaluate the Safety and Efficacy of CLL1 CAR-T in Patients With Relapsed and Refractory Acute Myeloid Leukemia,UNKNOWN,PHASE1,INTERVENTIONAL,20,AML,CLL1 CAR-T,DRUG,2022-08-01,2024-08-02,2025-08-02,China,Zhejiang University,Evaluation of Safety; Changes in cytokine level after CLL1 CAR-T infusion,"This is an open label, phase I study to assess the safety and efficacy of CLL1 CAR-T in patients with relapsed and refractory acute myeloid leukemia",CLL-1
NCT06110208,Study to Evaluate the Safety and Preliminary Efficacy of CLL1 and CD38 Dual CAR-T in r/r AML,Clinical Study to Evaluate the Safety and Preliminary Efficacy of CLL1 and CD38 Dual CAR-T Injection in the Treatment of Relapsed and Refractory Acute Myeloid Leukemia,TERMINATED,EARLY_PHASE1,INTERVENTIONAL,3,Acute Myeloid Leukemia,CLL1 and CD38 dual-target CAR-T injection,DRUG,2023-10-10,2024-07-01,2024-07-01,China,920th Hospital of Joint Logistics Support Force of People's Liberation Army of China,Dose limited toxicity (DLT);; Adverse events (AE),This study is a single-center clinical study. The main purpose is an IIT clinical trial to evaluate the safety and preliminary efficacy of CLL1 and CD38 dual CAR-T injection in r/r AML subjects . The included population were patients with relapsed and refractory acute myeloid leukemia (r/r AML) .,CLL-1; CD38
NCT04884984,Anti-CLL1 CAR T-cell Therapy in CLL1 Positive Relapsed/Refractory Acute Myeloid Leukemia (AML),Pilot Study of the Safety and Efficacy of Anti-CLL1 Chimeric Antigen Receptor Engineered T-Cells in the Treatment of CLL1 Positive Relapsed or Refractory Acute Myeloid Leukemia (AML),UNKNOWN,"PHASE1, PHASE2",INTERVENTIONAL,20,Acute Myeloid Leukemia,anti-CLL1 CART,BIOLOGICAL,2017-07-01,2022-12-31,2024-12-31,China,The First Affiliated Hospital of Soochow University,Number of Adverse Events,"This is a single center, open-label phase 1/2 study to evaluate the safety and efficacy of anti-CLL1 chimeric antigen receptor engineered T cell immunotherapy (CART) in the treatment of CLL1 positive relapsed or refractory acute myeloid leukemia.",CLL-1
NCT06680752,Clinical Study of ARD103 CAR-T Therapy for Patients With R/R AML or MDS,"A Phase 1/2, Open-label, Multicenter Trial to Assess the Safety and Efficacy of ARD103 in Patients With Relapsed or Refractory Acute Myeloid Leukemia or Myelodysplastic Syndrome",RECRUITING,"PHASE1, PHASE2",INTERVENTIONAL,49,"Acute Myeloid Leukemia, in Relapse; Acute Myeloid Leukemia Refractory; MDS (Myelodysplastic Syndrome)",ARD103; Cyclophosphamide; Fludarabine,BIOLOGICAL; DRUG; DRUG,2025-05-20,2028-10,2028-12,United States,"ARCE Therapeutics, Inc.",Incidence of Treatment-Emergent Adverse Events [Safety and Tolerability]; To determine the RP2D of ARD103; To evaluate overall response rate (ORR),"This is a phase I/2, interventional, open-label, multicenter study to assess the safety and efficacy of ARD103 in patients with relapsed or refractory acute myeloid leukemia or myelodysplastic syndrome.",CLL-1
NCT07338357,Clinical Study of CLL-1 CAR-T in the Treatment of Children With R/R AML,A Single-Center Clinical Study Evaluating the Safety and Preliminary Efficacy of CLL-1 CAR-T in the Treatment of Children With Relapsed/Refractory Acute Myeloid Leukemia,NOT_YET_RECRUITING,EARLY_PHASE1,INTERVENTIONAL,10,AML (Acute Myeloid Leukemia); CAR-T,CAR-T,BIOLOGICAL,2026-01-05,2028-10-31,2028-10-31,,First Affiliated Hospital of Guangxi Medical University,Incidence of Treatment-Related Adverse Events,A study to evaluate the safety and preliminary efficacy of CLL-1-targeted CAR-T cell therapy in children aged 3 to 18 years with relapsed or refractory acute myeloid leukemia (r/r AML).,CLL-1
NCT06307054,CLL-1 CAR-NK Cells for Relapsed/Refractory AML,The Safety and Efficacy for Anti-human CLL-1 CAR-NK Cells in Subjects With Relapsed/Refractory Acute Myeloid Leukemia,RECRUITING,PHASE1,INTERVENTIONAL,24,Relapsed Adult AML; Refractory AML,anti-CLL-1 CAR NK cells,DRUG,2024-04-01,2026-03-15,2027-03-15,China,"Shanghai General Hospital, Shanghai Jiao Tong University School of Medicine",AE; DLT,"This study is a single-arm, open-label, dose-escalation clinical trial aimed at exploring the safety, tolerability, and pharmacokinetic characteristics of the CLL-1 CAR NK cells, as well as providing preliminary observations on its efficacy in subjects with relapsed/refractory acute myeloid leukemia.",CLL-1
NCT07036250,Clinical Study of U32 in Patients With Acute Myeloid Leukemia,"A Single-arm, Open-label Clinical Study to Evaluate the Safety, Tolerability, and Efficacy of U32 Injection in Patients With Acute Myeloid Leukemia.",RECRUITING,"PHASE1, PHASE2",INTERVENTIONAL,20,Acute Myeloid Leukaemia,U32 CAR-T,DRUG,2025-07-03,2027-12-31,2029-12-31,China,"Shanghai Unicar-Therapy Bio-medicine Technology Co.,Ltd",Incidence of Adverse events after U32CAR-T cells infusion [Safety and Tolerability],"This is a single-arm, open-label clinical study to evaluate the safety, tolerability, and efficacy of U32 injection in patients with acute myeloid leukemia.",CLL-1; CD38
NCT06118788,Phase I Clinical Study: BG1805 Injection in the Treatment of Relapsed or Refractory Acute Myeloid Leukemia,"A Single-arm, Dose-escalation and Dose-expansion Phase I Clinical Study to Evaluate the Tolerability, Safety and Preliminary Efficacy of BG1805 Injection in the Treatment of Relapsed or Refractory Acute Myeloid Leukemia",RECRUITING,"PHASE1, PHASE2",INTERVENTIONAL,24,"Leukemia, Myeloid, Acute",BG1805,BIOLOGICAL,2024-03-07,2027-03,2027-07,China,"Guangzhou Bio-gene Technology Co., Ltd",Dose Limited Toxicity Rate; Incidence of Treatment-Emergent Adverse Events,"This is a single-arm, single-dose dose-escalation and dose-expansion study.",CLL-1
NCT04923919,Clinical Study of Chimeric Antigen Receptor T Lymphocytes (CAR-T) in the Treatment of Myeloid Leukemia,Clinical Study of Chimeric Antigen Receptor T Lymphocytes (CAR-T) in the Treatment of Myeloid Leukemia,UNKNOWN,EARLY_PHASE1,INTERVENTIONAL,100,Acute Myeloid Leukemia,Anti-CLL1 CART cells,DRUG,2021-09-14,2024-12-05,2024-12-05,China,920th Hospital of Joint Logistics Support Force of People's Liberation Army of China,Incidence of AE after CAR-T infusion,"Researchers plan to enroll a total of 100 patients with relapsed, refractory acute myeloid leukemia (AML) to receive a single dose of autologous CAR T cells.The safety of CAR T therapy was evaluated by observing adverse events after cell therapy;The efficacy of CAR-T therapy was evaluated against the outcome of patients' own past standard treatment regimens or historical data.Blood and bone marrow were collected before and 12 months after infusion to detect the number and activity of CAR T cells, and to evaluate the pharmacokinetics (PK) of CAR T cells.",CLL-1
NCT05239689,Clinical Study of CD38 CAR-T Cells in the Treatment of Hematological Malignancies,Clinical Study on the Safety and Effectiveness of CD38 CAR-T Cells in the Treatment of CD38-positive Hematological Malignancies,UNKNOWN,EARLY_PHASE1,INTERVENTIONAL,36,AML,CD38 CAR T-cells,BIOLOGICAL,2022-02-28,2024-12-05,2024-12-05,China,Zhejiang University,Dose-limiting toxicity (DLT); Incidence of treatment-emergent adverse events (TEAEs),Clinical Study on the Safety and Effectiveness of CD38 CAR-T Cells in the Treatment of CD38-positive Hematological Malignancies,CD38
NCT05442580,CART-38 in Adult AML and MM Patients,Phase 1 Study of Lintivirally Transduced T Cells Engineered to Contain Anti-CD38 Linked to TCRζ and 4-1BB Signaling Domains in Subjects With Acute Myeloid Leukemia and Multiple Myeloma,TERMINATED,PHASE1,INTERVENTIONAL,11,Acute Myeloid Leukemia (AML); Multiple Myeloma (MM),3x10(6) CART-38 cellls; 7x10(5) CART-38 cells; 7x10(6) CART-38 cells; 3x10(7) CART-38 cells; Cyclophosphamide; Fludarabine,DRUG; DRUG; DRUG; DRUG; DRUG; DRUG,2023-05-30,2025-02-09,2025-02-09,United States,University of Pennsylvania,Number of Subjects with treatment related adverse events using NCI Common Terminology Criteria for Adverse Events (CTCAE) V5.0; Number of subjects with dose-limiting toxicities; Determination of maximum tolerated dose assessed by collection of adverse events as graded by CTCAE.,"This is an open-label Phase 1 study to estimate the safety and manufacturing feasibility of lentivirally transduced T cells expressing anti-CD38 chimeric antigen receptors expressing tandem TCRζ and 4-1BB (TCRζ /4-1BB) costimulatory domains in patients with Acute Myeloid Leukemia and Multiple Myeloma. This CAR T cell product will be referred to as ""CART-38 cells"".",CD38
NCT04762485,Humanized CD7 CAR T-cell Therapy for r/r CD7+ Acute Leukemia,Humanized Chimeric Antigen Receptor T Cells Against CD7 for Refractory/Relapsed CD7+ Acute Leukemia,UNKNOWN,"PHASE1, PHASE2",INTERVENTIONAL,20,T Lymphoblastic Leukemia/Lymphoma; Mixed Phenotype Acute Leukemia; Acute Myeloid Leukemia,Humanized CD7 CAR-T cells,BIOLOGICAL,2021-06-01,2023-02-28,2024-02-28,China,The First Affiliated Hospital of Soochow University,Number of Adverse Events,"This is a prospective,open-label, single center and single arm phase 1/2 study to evaluate the efficacy and safety of T cells expressing humanized CD7 chimeric antigen receptors treatment for patients with refractory/relapsed CD7 positive acute leukemia.",CD38
NCT04351022,CD38-targeted Chimeric Antigen Receptor T Cell (CART) in Relapesd or Refractory Acute Myeloid Leukemia,Pilot Study of the Efficacy and Safety of CD38 Targeted Chimeric Antigen Receptor Engineered T-Cells in the Treatment of CD38 Positive Relapsed or Refractory Acute Myeloid Leukemia (AML),UNKNOWN,"PHASE1, PHASE2",INTERVENTIONAL,20,Acute Myeloid Leukemia,CART-38,BIOLOGICAL,2017-07-01,2021-12-31,2023-12-31,China,The First Affiliated Hospital of Soochow University,Number of Adverse Events,"This is a single center, open-label phase 1/2 study to evaluate the safety and efficacy of targeted CD38 chimeric antigen receptor engineered T cell immunotherapy (CART) in the treatment of CD38 positive relapsed or refractory acute myeloid leukemia.",CD38
